id,mode,query_type,query,expected_items,product_terms_extracted,action,target_aisles,dialogue_snippet,json_adherent,json_adherent_int,task_success,task_success_int,hallucinated,hallucinated_int,hallucinated_aisles,extraction_source,llm_extraction_empty,retrieval_no_results,used_inventory_context_fallback,semantic_top_k,semantic_min_score,raw_target_aisles,grounded_target_aisles,grounding_drop_count,hallucination_source,latency_s
1,presearch,direct,Where can I find Milk (1L)?,milk_1l,milk,move,[1],You can find Milk (1L) in Aisle 1.,True,1,True,1,False,0,[],llm_extract,False,False,False,,,[1],[1],0,,14.21
1,semantic,direct,Where can I find Milk (1L)?,milk_1l,milk,move,[1],You can find Milk (1L) in Aisle 1.,True,1,True,1,False,0,[],llm_extract,False,False,False,5,0.15,[1],[1],0,,54.441
1,llm_only,direct,Where can I find Milk (1L)?,milk_1l,,move,[1],"The Milk (1L) is in Aisle 1, right next to the other dairy products.",True,1,True,1,False,0,[],none,False,True,True,,,[1],[1],0,,0.963
2,presearch,direct,Do you have Large Eggs (12ct)?,eggs_large,Large Eggs,move,[1],"Yes, we have Large Eggs (12ct) in Aisle 1.",True,1,True,1,False,0,[],llm_extract,False,False,False,,,[1],[1],0,,1.598
2,semantic,direct,Do you have Large Eggs (12ct)?,eggs_large,large eggs,move,[1],"Yes, we have Large Eggs (12ct) in Aisle 1.",True,1,True,1,False,0,[],llm_extract,False,False,False,5,0.15,[1],[1],0,,4.321
2,llm_only,direct,Do you have Large Eggs (12ct)?,eggs_large,,move,[1],"Yes, we have Large Eggs (12ct) in aisle 1 under the dairy section.",True,1,True,1,False,0,[],none,False,True,True,,,[1],[1],0,,0.894
3,presearch,direct,Please help me find Whole Wheat Wraps.,tortilla_wraps,whole wheat wraps,move,[2],Sure! We have Whole Wheat Wraps in Aisle 2. They're $3.40 and we have 9 in stock.,True,1,True,1,False,0,[],llm_extract,False,False,False,,,[2],[2],0,,1.599
3,semantic,direct,Please help me find Whole Wheat Wraps.,tortilla_wraps,whole wheat wraps,move,[2],I found Whole Wheat Wraps in Aisle 2. Let me know if you need anything else!,True,1,True,1,False,0,[],llm_extract,False,False,False,5,0.15,[2],[2],0,,2.238
3,llm_only,direct,Please help me find Whole Wheat Wraps.,tortilla_wraps,,move,[2],Whole Wheat Wraps are in the bakery aisle. You can find them in Aisle 2.,True,1,True,1,False,0,[],none,False,True,True,,,[2],[2],0,,0.915
4,presearch,direct,I need Black Beans (Can).,black_beans_can,black beans,move,[6],I found Black Beans (Can) in Aisle 6. There are 24 in stock at $1.60 each.,True,1,True,1,False,0,[],llm_extract,False,False,False,,,[6],[6],0,,1.696
4,semantic,direct,I need Black Beans (Can).,black_beans_can,black beans,move,[6],"Sure, we have Black Beans (Can) in Aisle 6.",True,1,True,1,False,0,[],llm_extract,False,False,False,5,0.15,[6],[6],0,,1.751
4,llm_only,direct,I need Black Beans (Can).,black_beans_can,,move,[6],"Sure, I found the Black Beans (Can) in the pantry section. They're located in Aisle 6. Would you like me to help you wit",True,1,True,1,False,0,[],none,False,True,True,,,[6],[6],0,,1.487
5,presearch,direct,Can I get Frozen Pizza?,frozen_pizza,frozen pizza,move,[7],"Yes, we have Frozen Pizza in Aisle 7.",True,1,True,1,False,0,[],llm_extract,False,False,False,,,[7],[7],0,,1.247
5,semantic,direct,Can I get Frozen Pizza?,frozen_pizza,frozen pizza,move,[7],"Sure, we have Frozen Pizza in Aisle 7.",True,1,True,1,False,0,[],llm_extract,False,False,False,5,0.15,[7],[7],0,,1.806
5,llm_only,direct,Can I get Frozen Pizza?,frozen_pizza,,move,[7],"Sure, I can help you find that. The Frozen Pizza is in Aisle 7. Would you like me to check if it's in stock and help you",True,1,True,1,False,0,[],none,False,True,True,,,[7],[7],0,,1.057
6,presearch,direct,Where is Chicken Breast (1lb)?,chicken_breast,chicken breast,move,[8],The Chicken Breast (1lb) is in Aisle 8.,True,1,True,1,False,0,[],llm_extract,False,False,False,,,[8],[8],0,,1.477
6,semantic,direct,Where is Chicken Breast (1lb)?,chicken_breast,chicken breast,move,[8],The Chicken Breast (1lb) is in Aisle 8.,True,1,True,1,False,0,[],llm_extract,False,False,False,5,0.15,[8],[8],0,,11.824
6,llm_only,direct,Where is Chicken Breast (1lb)?,chicken_breast,,move,[8],"The Chicken Breast (1lb) is in the meat and seafood aisle, specifically in Aisle 8.",True,1,True,1,False,0,[],none,False,True,True,,,[8],[8],0,,2.884
7,presearch,direct,Do you carry Dish Soap?,dish_soap,dish soap,move,[9],"Yes, we carry Dish Soap in Aisle 9.",True,1,True,1,False,0,[],llm_extract,False,False,False,,,[9],[9],0,,1.365
7,semantic,direct,Do you carry Dish Soap?,dish_soap,dish soap,move,[9],"Yes, we carry Dish Soap in Aisle 9.",True,1,True,1,False,0,[],llm_extract,False,False,False,5,0.15,[9],[9],0,,1.681
7,llm_only,direct,Do you carry Dish Soap?,dish_soap,,move,[9],"Yes, we carry dish soap. It's in the household aisle, which is aisle 9.",True,1,True,1,False,0,[],none,False,True,True,,,[9],[9],0,,0.879
8,presearch,direct,I want Sparkling Water.,sparkling_water,sparkling water,move,[4],"Sure, we have Sparkling Water in Aisle 4.",True,1,True,1,False,0,[],llm_extract,False,False,False,,,[4],[4],0,,1.395
8,semantic,direct,I want Sparkling Water.,sparkling_water,sparkling water,move,[4],We carry Sparkling Water in Aisle 4.,True,1,True,1,False,0,[],llm_extract,False,False,False,5,0.15,[4],[4],0,,2.163
8,llm_only,direct,I want Sparkling Water.,sparkling_water,,move,[4],"Sure, I can help you find Sparkling Water. It's located in Aisle 4, in the beverages section.",True,1,True,1,False,0,[],none,False,True,True,,,[4],[4],0,,0.935
9,presearch,direct,Could you find Toothpaste for me?,toothpaste,toothpaste,move,[10],Sure! We have Toothpaste in Aisle 10. Would you like me to show you where it's located?,True,1,True,1,False,0,[],llm_extract,False,False,False,,,[10],[10],0,,1.416
9,semantic,direct,Could you find Toothpaste for me?,toothpaste,toothpaste,move,[10],"Sure, we have Toothpaste in Aisle 10.",True,1,True,1,False,0,[],llm_extract,False,False,False,5,0.15,[10],[10],0,,1.779
9,llm_only,direct,Could you find Toothpaste for me?,toothpaste,,move,[10],"Sure, I can help you find Toothpaste. It's located in the Health & Beauty aisle, aisle 10.",True,1,True,1,False,0,[],none,False,True,True,,,[10],[10],0,,0.851
10,presearch,direct,I'm looking for Trail Mix.,trail_mix,trail mix,move,[5],We carry Trail Mix in Aisle 5.,True,1,True,1,False,0,[],llm_extract,False,False,False,,,[5],[5],0,,1.603
10,semantic,direct,I'm looking for Trail Mix.,trail_mix,trail mix,move,[5],Trail Mix is located in Aisle 5.,True,1,True,1,False,0,[],llm_extract,False,False,False,5,0.15,[5],[5],0,,1.718
10,llm_only,direct,I'm looking for Trail Mix.,trail_mix,,move,[5],"The Trail Mix is located in the snacks aisle, which is aisle 5.",True,1,True,1,False,0,[],none,False,True,True,,,[5],[5],0,,0.837
11,presearch,recipe,I want to bake chocolate chip cookies. What ingredients should I pick up?,flour_all_purpose; sugar_granulated; butter_unsalted; eggs_large,flour; sugar; butter; chocolate chips; eggs; vanilla extract; baking soda; salt,move,"[1, 6]","We carry flour (Aisle 6), sugar (Aisle 6), butter (Aisle 1), eggs (Aisle 1), and salt (Aisle 1). Unfortunately, we do no",True,1,True,1,False,0,[],llm_extract,False,True,False,,,"[1, 6]","[1, 6]",0,,3.346
11,semantic,recipe,I want to bake chocolate chip cookies. What ingredients should I pick up?,flour_all_purpose; sugar_granulated; butter_unsalted; eggs_large,flour; sugar; butter; chocolate chips; eggs,move,"[5, 1, 6]","For chocolate chip cookies, you'll need chocolate cookies, unsalted butter, all-purpose flour, and large eggs (12ct). We",True,1,True,1,False,0,[],llm_extract,False,False,False,5,0.15,"[5, 1, 6]","[5, 1, 6]",0,,3.03
11,llm_only,recipe,I want to bake chocolate chip cookies. What ingredients should I pick up?,flour_all_purpose; sugar_granulated; butter_unsalted; eggs_large,,move,"[5, 6]","For chocolate chip cookies, you'll need flour, sugar, butter, chocolate chips, eggs, and baking soda. These items are in",True,1,True,1,False,0,[],none,False,True,True,,,"[5, 6]","[5, 6]",0,,1.207
12,presearch,recipe,What do I need for spaghetti night?,pasta_spaghetti; tomato_sauce; olive_oil,pasta; tomato sauce; ground beef; garlic; onion,move,"[3, 6, 8]","For spaghetti night, you'll need Spaghetti Pasta (Aisle 6), Tomato Sauce (Aisle 6), Ground Beef (Aisle 8), and Yellow On",True,1,True,1,False,0,[],llm_extract,False,True,False,,,"[3, 6, 8]","[3, 6, 8]",0,,1.724
12,semantic,recipe,What do I need for spaghetti night?,pasta_spaghetti; tomato_sauce; olive_oil,flour; eggs; tomato sauce; ground beef; spaghetti noodles,move,"[6, 8]","For spaghetti night, you'll need Spaghetti Pasta (Aisle 6), Tomato Sauce (Aisle 6), and Ground Beef (Aisle 8).",True,1,True,1,False,0,[],llm_extract,False,False,False,5,0.15,"[6, 8]","[6, 8]",0,,3.31
12,llm_only,recipe,What do I need for spaghetti night?,pasta_spaghetti; tomato_sauce; olive_oil,,move,"[6, 8]","For spaghetti night, you'll need pasta, spaghetti sauce, and maybe some meat like ground beef or chicken. The pantry ais",True,1,True,1,False,0,[],none,False,True,True,,,"[6, 8]","[6, 8]",0,,1.244
13,presearch,recipe,Help me build ingredients for a chicken salad.,chicken_breast; lettuce; tomato; olive_oil,chicken; lettuce; tomato; cucumber; mayonnaise,move,"[3, 8]","For a chicken salad, I can help you find Chicken Breast (Aisle 8), Lettuce (Aisle 3), and Tomato (Aisle 3). Unfortunatel",True,1,True,1,False,0,[],llm_extract,False,True,False,,,"[3, 8]","[3, 8]",0,,2.545
13,semantic,recipe,Help me build ingredients for a chicken salad.,chicken_breast; lettuce; tomato; olive_oil,chicken; lettuce; tomato; mayonnaise; celery; hard-boiled egg,move,"[3, 6, 8]","We have Chicken Breast (Aisle 8), Tomato (Aisle 3), Lettuce (Aisle 3), and Tomato Sauce (Aisle 6) for your chicken salad",True,1,True,1,False,0,[],llm_extract,False,False,False,5,0.15,"[3, 6, 8]","[3, 6, 8]",0,,3.113
13,llm_only,recipe,Help me build ingredients for a chicken salad.,chicken_breast; lettuce; tomato; olive_oil,,move,"[8, 3]","For a chicken salad, you'll need chicken breast, lettuce, tomatoes, and some dressing. I can help you find these items i",True,1,True,1,False,0,[],none,False,True,True,,,"[8, 3]","[8, 3]",0,,1.32
14,presearch,recipe,I need supplies for breakfast pancakes.,flour_all_purpose; milk_1l; eggs_large; butter_unsalted,flour; eggs; milk; butter,move,[1],"We have flour, eggs, and milk in Aisle 1 for your breakfast pancakes.",True,1,True,1,False,0,[],llm_extract,False,False,False,,,[1],[1],0,,1.532
14,semantic,recipe,I need supplies for breakfast pancakes.,flour_all_purpose; milk_1l; eggs_large; butter_unsalted,flour; eggs; milk; butter,move,"[1, 6]","For breakfast pancakes, we have Unsalted Butter, Milk (2L), Milk (1L), and Large Eggs (12ct) in Aisle 1, and All-Purpose",True,1,True,1,False,0,[],llm_extract,False,False,False,5,0.15,"[1, 6]","[1, 6]",0,,2.912
14,llm_only,recipe,I need supplies for breakfast pancakes.,flour_all_purpose; milk_1l; eggs_large; butter_unsalted,,none,[],"Sure! For breakfast pancakes, you'll need ingredients like flour, milk, eggs, butter, and any toppings you prefer. I can",True,1,False,0,False,0,[],none,False,True,True,,,[],[],0,,1.05
15,presearch,recipe,What should I buy for a veggie stir-fry?,broccoli; carrot; bell_pepper; onion_yellow,vegetables; soy sauce; sesame oil; garlic; ginger; rice noodles,none,[],"I'm sorry, but we do not carry any of the items needed for a veggie stir-fry.",True,1,False,0,False,0,[],llm_extract,False,True,False,,,[],[],0,,1.546
15,semantic,recipe,What should I buy for a veggie stir-fry?,broccoli; carrot; bell_pepper; onion_yellow,vegetables; soy sauce; oil; noodles; peanut butter,move,[3],"For your veggie stir-fry, you can buy Yellow Onion, Baby Spinach, Russet Potato (5lb), Tomato, and Broccoli. All these i",True,1,True,1,False,0,[],llm_extract,False,False,False,5,0.15,[3],[3],0,,4.239
15,llm_only,recipe,What should I buy for a veggie stir-fry?,broccoli; carrot; bell_pepper; onion_yellow,,none,[],"For a veggie stir-fry, you'll want fresh vegetables, a protein source, and some pantry staples. I can help you find thes",True,1,False,0,False,0,[],none,False,True,True,,,[],[],0,,1.131
16,presearch,recipe,I want to make smoothies this week.,banana; strawberry; blueberry; yogurt,banana; strawberry; mango; blueberry; pineapple; orange juice; yogurt; honey,move,"[1, 3]","I can help you make smoothies! We have blueberries (6oz) in Aisle 3, strawberries (1lb) in Aisle 3, and plain yogurt in ",True,1,True,1,False,0,[],llm_extract,False,True,False,,,"[1, 3]","[1, 3]",0,,1.836
16,semantic,recipe,I want to make smoothies this week.,banana; strawberry; blueberry; yogurt,banana; milk; strawberry; blueberry; yogurt,none,[],"THOSE ARE THE PRODUCTS WE CARRY:
- Plain Yogurt (Aisle 1)
- Milk (2L) (Aisle 1)
- Banana (Aisle 3)
- Blueberries (6oz) (",True,1,False,0,False,0,[],llm_extract,False,False,False,5,0.15,[],[],0,,3.326
16,llm_only,recipe,I want to make smoothies this week.,banana; strawberry; blueberry; yogurt,,move,"[3, 1]","For smoothies, you'll need fruits like bananas, strawberries, and blueberries, plus yogurt and milk. I can help you find",True,1,True,1,False,0,[],none,False,True,True,,,"[3, 1]","[3, 1]",0,,1.067
17,presearch,recipe,What ingredients do I need for grilled salmon with lemon?,salmon_fillet; lemon; olive_oil,salmon; lemon; olive oil; garlic; salt; pepper; lemon juice; fresh dill,move,"[8, 3, 6, 1]","You'll need salmon fillet (Aisle 8), lemon (Aisle 3), olive oil (Aisle 6), salt (Aisle 6 or 1), and pepper (Aisle 3). I ",True,1,True,1,False,0,[],llm_extract,False,True,False,,,"[8, 3, 6, 1]","[8, 3, 6, 1]",0,,2.06
17,semantic,recipe,What ingredients do I need for grilled salmon with lemon?,salmon_fillet; lemon; olive_oil,salmon; lemon,move,"[8, 3]",You'll need Salmon Fillet (1lb) from Aisle 8 and Lemon from Aisle 3.,True,1,True,1,False,0,[],llm_extract,False,False,False,5,0.15,"[8, 3]","[8, 3]",0,,3.502
17,llm_only,recipe,What ingredients do I need for grilled salmon with lemon?,salmon_fillet; lemon; olive_oil,,move,"[8, 3]","For grilled salmon with lemon, you'll need salmon fillets and lemons. The salmon fillets are in Aisle 8 and the lemons a",True,1,True,1,False,0,[],none,False,True,True,,,"[8, 3]","[8, 3]",0,,1.039
18,presearch,recipe,Help me prepare taco night.,ground_beef; tortilla_wraps; tomato; lettuce,tortilla; ground beef; taco seasoning; lettuce; tomato; cheese,move,"[1, 2, 3, 6, 8]","I can help you prepare taco night! We have tortillas, ground beef, lettuce, tomatoes, and cheddar cheese in stock. Let m",True,1,True,1,False,0,[],llm_extract,False,True,False,,,"[1, 2, 3, 6, 8]","[1, 2, 3, 6, 8]",0,,1.876
18,semantic,recipe,Help me prepare taco night.,ground_beef; tortilla_wraps; tomato; lettuce,tortillas; ground beef; beans; lettuce; tomatoes; cheese; salsa,move,"[8, 3, 1]","I found Ground Beef (Aisle 8), Lettuce (Aisle 3), Tomato (Aisle 3), and Cheddar Cheese (Aisle 1) for your taco night.",True,1,True,1,False,0,[],llm_extract,False,False,False,5,0.15,"[8, 3, 1]","[8, 3, 1]",0,,5.056
18,llm_only,recipe,Help me prepare taco night.,ground_beef; tortilla_wraps; tomato; lettuce,,move,"[2, 6, 1]","Sure! For taco night, you'll need tortillas, ground beef, salsa, cheese, and maybe some toppings like lettuce and sour c",True,1,True,1,False,0,[],none,False,True,True,,,"[2, 6, 1]","[2, 6, 1]",0,,1.146
19,presearch,recipe,I want to cook fried rice.,rice_white; eggs_large; onion_yellow,rice; eggs; soy sauce; vegetable oil; onion; carrot; green onion; garlic,move,"[1, 3, 6]","I can help you make fried rice! We have White Rice in Aisle 6, Large Eggs in Aisle 1, and Yellow Onion and Carrot in Ais",True,1,True,1,False,0,[],llm_extract,False,True,False,,,"[1, 3, 6]","[1, 3, 6]",0,,3.045
19,semantic,recipe,I want to cook fried rice.,rice_white; eggs_large; onion_yellow,rice; egg; soy sauce; vegetable oil; onion; carrot; pepper,move,"[3, 6]","To make fried rice, you'll need White Rice (2kg) from Aisle 6 and Tomato Sauce from the same aisle. For vegetables, you ",True,1,True,1,False,0,[],llm_extract,False,False,False,5,0.15,"[3, 6]","[3, 6]",0,,4.312
19,llm_only,recipe,I want to cook fried rice.,rice_white; eggs_large; onion_yellow,,move,"[6, 3]","To make fried rice, you'll need rice, oil, and some vegetables. I can help you find these items. Rice is in the pantry a",True,1,True,1,False,0,[],none,False,True,True,,,"[6, 3]","[6, 3]",0,,1.131
20,presearch,recipe,What do I need for homemade tomato soup?,tomato_sauce; onion_yellow; sour_cream,tomato; onion; carrot; celery; garlic; butter; flour; heavy cream; sugar; salt; pepper,move,"[1, 3, 6]","You'll need tomatoes, tomato sauce, onions, carrots, butter, flour, salt, and pepper for homemade tomato soup. We carry ",True,1,True,1,False,0,[],llm_extract,False,True,False,,,"[1, 3, 6]","[1, 3, 6]",0,,2.291
20,semantic,recipe,What do I need for homemade tomato soup?,tomato_sauce; onion_yellow; sour_cream,tomato; onion; celery; carrot; garlic; butter; flour; tomato paste; bay leaf; salt; pepper; water,move,"[3, 6]","For homemade tomato soup, you'll need Tomato (Aisle 3), Tomato Sauce (Aisle 6), Carrot (Aisle 3), Yellow Onion (Aisle 3)",True,1,True,1,False,0,[],llm_extract,False,False,False,5,0.15,"[3, 6]","[3, 6]",0,,4.721
20,llm_only,recipe,What do I need for homemade tomato soup?,tomato_sauce; onion_yellow; sour_cream,,none,[],"For homemade tomato soup, you'll need tomatoes, tomato sauce, and some spices. Tomatoes are in Aisle 3, tomato sauce is ",True,1,False,0,False,0,[],none,False,True,True,,,[],[],0,,1.207
21,presearch,recipe,I need ingredients for chicken nuggets and fries dinner.,frozen_nuggets; frozen_fries,chicken; flour; egg; potato; oil,move,"[7, 3]",I can help you with Chicken Nuggets from Aisle 7 and Russet Potato from Aisle 3 for making fries.,True,1,True,1,False,0,[],llm_extract,False,False,False,,,"[7, 3]","[7, 3]",0,,1.643
21,semantic,recipe,I need ingredients for chicken nuggets and fries dinner.,frozen_nuggets; frozen_fries,chicken; potatoes; vegetable oil; flour; egg; salt; pepper,move,"[8, 3, 6]","We have Chicken Breast (1lb) in Aisle 8, Russet Potatoes (5lb) in Aisle 3, and All-Purpose Flour in Aisle 6 for your chi",True,1,True,1,False,0,[],llm_extract,False,False,False,5,0.15,"[8, 3, 6]","[8, 3, 6]",0,,4.372
21,llm_only,recipe,I need ingredients for chicken nuggets and fries dinner.,frozen_nuggets; frozen_fries,,move,[7],"For chicken nuggets, you'll find them in the frozen section, aisle 7. For fries, you can get frozen fries in the same ai",True,1,True,1,False,0,[],none,False,True,True,,,[7],[7],0,,1.09
22,presearch,recipe,Can you suggest items for an avocado toast breakfast?,avocado; bread_wheat; lemon,avocado; bread; egg,move,"[1, 2, 3]","For your avocado toast breakfast, I recommend the White Bread from Aisle 2 and Large Eggs from Aisle 1. We also have Avo",True,1,True,1,False,0,[],llm_extract,False,False,False,,,"[1, 2, 3]","[1, 2, 3]",0,,1.732
22,semantic,recipe,Can you suggest items for an avocado toast breakfast?,avocado; bread_wheat; lemon,avocado; bread,move,"[3, 2]","Sure! For avocado toast, you'll need avocado and bread. We have avocados in Aisle 3 and wheat/white bread in Aisle 2. He",True,1,True,1,False,0,[],llm_extract,False,False,False,5,0.15,"[3, 2]","[3, 2]",0,,2.998
22,llm_only,recipe,Can you suggest items for an avocado toast breakfast?,avocado; bread_wheat; lemon,,move,"[2, 3, 6]","For an avocado toast breakfast, I'd recommend getting some whole grain bread, ripe avocados, and a few pantry staples li",True,1,True,1,False,0,[],none,False,True,True,,,"[2, 3, 6]","[2, 3, 6]",0,,1.136
23,presearch,recipe,What do I need for a yogurt parfait?,yogurt; granola; blueberry; strawberry,yogurt; granola; fresh fruit,move,"[1, 5]","For a yogurt parfait, you'll need Plain Yogurt from Aisle 1 and Granola Bar from Aisle 5.",True,1,True,1,False,0,[],llm_extract,False,True,False,,,"[1, 5]","[1, 5]",0,,1.521
23,semantic,recipe,What do I need for a yogurt parfait?,yogurt; granola; blueberry; strawberry,yogurt; granola; berries; honey,move,"[1, 5]",You can find plain yogurt in Aisle 1 and granola bars in Aisle 5 for your parfait.,True,1,True,1,False,0,[],llm_extract,False,False,False,5,0.15,"[1, 5]","[1, 5]",0,,3.421
23,llm_only,recipe,What do I need for a yogurt parfait?,yogurt; granola; blueberry; strawberry,,move,"[1, 3, 5]","For a yogurt parfait, you'll need yogurt, granola, and fresh fruits. We have Plain Yogurt in Aisle 1, granola bars in Ai",True,1,True,1,False,0,[],none,False,True,True,,,"[1, 3, 5]","[1, 3, 5]",0,,1.116
24,presearch,recipe,I want to make a simple bean pasta meal.,pasta_spaghetti; black_beans_can; tomato_sauce,beans; pasta,move,"[4, 6]",I can help you make a simple bean pasta meal. We have Coffee Beans in Aisle 4 and Black Beans (Can) in Aisle 6 for the b,True,1,True,1,False,0,[],llm_extract,False,False,False,,,"[4, 6]","[4, 6]",0,,1.626
24,semantic,recipe,I want to make a simple bean pasta meal.,pasta_spaghetti; black_beans_can; tomato_sauce,beans; pasta,move,[6],I found Spaghetti Pasta and Black Beans in Aisle 6. You can use these to make a simple bean pasta meal.,True,1,True,1,False,0,[],llm_extract,False,False,False,5,0.15,[6],[6],0,,1.933
24,llm_only,recipe,I want to make a simple bean pasta meal.,pasta_spaghetti; black_beans_can; tomato_sauce,,move,[6],"To make a simple bean pasta meal, you'll need black beans, spaghetti pasta, and tomato sauce. These are all in the pantr",True,1,True,1,False,0,[],none,False,True,True,,,[6],[6],0,,1.114
25,presearch,recipe,Help me shop for a turkey sandwich lunch.,turkey_slices; bread_white; lettuce; tomato,turkey; bread; lettuce; tomato,move,"[8, 2, 3]","I can help you find items for a turkey sandwich. We have turkey slices in Aisle 8, white bread in Aisle 2, wheat bread i",True,1,True,1,False,0,[],llm_extract,False,False,False,,,"[8, 2, 3]","[8, 2, 3]",0,,1.953
25,semantic,recipe,Help me shop for a turkey sandwich lunch.,turkey_slices; bread_white; lettuce; tomato,turkey; bread; lettuce; tomato,move,"[2, 3, 6, 8]","For a turkey sandwich, I found Turkey Slices in Aisle 8, Tomato and Lettuce in Aisle 3, and Wheat Bread in Aisle 2. We a",True,1,True,1,False,0,[],llm_extract,False,False,False,5,0.15,"[2, 3, 6, 8]","[2, 3, 6, 8]",0,,2.827
25,llm_only,recipe,Help me shop for a turkey sandwich lunch.,turkey_slices; bread_white; lettuce; tomato,,move,"[2, 8]","For a turkey sandwich, you'll need bread, turkey slices, cheese, and condiments like mustard or mayo. I can help you fin",True,1,True,1,False,0,[],none,False,True,True,,,"[2, 8]","[2, 8]",0,,1.127
26,presearch,associative,I want something healthy for lunch.,apple; spinach; yogurt,healthy; lunch,none,[],"I'm sorry, but we don't carry any items matching 'healthy' or 'lunch' in our current inventory.",True,1,False,0,False,0,[],semantic_terms_fallback,True,True,False,,,[],[],0,,1.381
26,semantic,associative,I want something healthy for lunch.,apple; spinach; yogurt,healthy; lunch,none,[],I couldn't find any products matching your request for something healthy for lunch. Could you provide a more specific pr,True,1,False,0,False,0,[],semantic_terms_fallback,True,False,False,5,0.15,[],[],0,,1.988
26,llm_only,associative,I want something healthy for lunch.,apple; spinach; yogurt,,move,[3],"For a healthy lunch, you might want to consider some fresh fruits and vegetables. We have a variety of options in the fr",True,1,True,1,False,0,[],none,False,True,True,,,[3],[3],0,,1.1
27,presearch,associative,What are good high-protein options?,chicken_breast; tofu_firm; eggs_large,what; good; high; protein; options,none,[],We don't carry any high-protein options in this store.,True,1,False,0,False,0,[],semantic_terms_fallback,True,True,False,,,[],[],0,,1.521
27,semantic,associative,What are good high-protein options?,chicken_breast; tofu_firm; eggs_large,what; good; high; protein; options,none,[],We currently do not carry any high-protein options in our inventory.,True,1,False,0,False,0,[],semantic_terms_fallback,True,False,False,5,0.15,[],[],0,,2.29
27,llm_only,associative,What are good high-protein options?,chicken_breast; tofu_firm; eggs_large,,move,[8],"For high-protein options, I'd recommend the Chicken Breast, Ground Beef, Salmon Fillet, and Firm Tofu. These are all gre",True,1,True,1,False,0,[],none,False,True,True,,,[8],[8],0,,1.325
28,presearch,associative,I need quick frozen dinner ideas.,frozen_pizza; frozen_nuggets; frozen_fries,frozen dinner,none,[],"I'm sorry, but we don't carry any frozen dinners in our store.",True,1,False,0,False,0,[],llm_extract,False,True,False,,,[],[],0,,1.521
28,semantic,associative,I need quick frozen dinner ideas.,frozen_pizza; frozen_nuggets; frozen_fries,frozen dinner,move,[7],"For quick frozen dinners, try our options in Aisle 7: Frozen Fries, Chicken Nuggets, Frozen Mixed Berries, Frozen Pizza,",True,1,True,1,False,0,[],llm_extract,False,False,False,5,0.15,[7],[7],0,,2.76
28,llm_only,associative,I need quick frozen dinner ideas.,frozen_pizza; frozen_nuggets; frozen_fries,,move,[7],"I can suggest some frozen dinner options from Aisle 7. There's Frozen Pizza, Chicken Nuggets, and Frozen Waffles availab",True,1,True,1,False,0,[],none,False,True,True,,,[7],[7],0,,0.927
29,presearch,associative,Give me party snack and drink recommendations.,chips; popcorn; soda,snack; drink,move,[4],"I can recommend the Sports Drink ($2.20) from Aisle 4. Unfortunately, we don't carry party snacks.",True,1,True,1,False,0,[],llm_extract,False,True,False,,,[4],[4],0,,1.416
29,semantic,associative,Give me party snack and drink recommendations.,chips; popcorn; soda,drink; party; snack; recommendations,move,[5],I recommend Cola (2L) and Chocolate Cookies for your party. You can find these in Aisle 5.,True,1,True,1,False,0,[],semantic_terms_fallback,True,False,False,5,0.15,[5],[5],0,,4.147
29,llm_only,associative,Give me party snack and drink recommendations.,chips; popcorn; soda,,none,[],"For party snacks, I'd recommend Potato Chips, Chocolate Cookies, and Mixed Nuts. For drinks, you might enjoy Cola, Orang",True,1,False,0,False,0,[],none,False,True,True,,,[],[],0,,1.068
30,presearch,associative,I want low-sugar drink choices.,water; sparkling_water; tea_green,sugar; drink,move,[4],"We carry the Sports Drink in Aisle 4, which is a low-sugar option.",True,1,True,1,False,0,[],deterministic_terms,True,False,False,,,[4],[4],0,,1.464
30,semantic,associative,I want low-sugar drink choices.,water; sparkling_water; tea_green,low-sugar drink,move,[4],You can find low-sugar options like Sparkling Water and Bottled Water in Aisle 4.,True,1,True,1,False,0,[],llm_extract,False,False,False,5,0.15,[4],[4],0,,2.708
30,llm_only,associative,I want low-sugar drink choices.,water; sparkling_water; tea_green,,move,[4],I can help you find low-sugar drink options. Let me check the beverage aisle for you.,True,1,True,1,False,0,[],none,False,True,True,,,[4],[4],0,,0.979
31,presearch,associative,What's good for a movie night at home?,popcorn; chips; soda,what; good; movie; night; home,none,[],"I'm sorry, but we don't carry any of the items you mentioned.",True,1,False,0,False,0,[],semantic_terms_fallback,True,True,False,,,[],[],0,,1.582
31,semantic,associative,What's good for a movie night at home?,popcorn; chips; soda,what; good; movie; night; home,none,[],I couldn't find any specific products matching a movie night setup in our inventory. Could you let me know if you're loo,True,1,False,0,False,0,[],semantic_terms_fallback,True,False,False,5,0.15,[],[],0,,3.28
31,llm_only,associative,What's good for a movie night at home?,popcorn; chips; soda,,move,"[5, 4]","For a movie night at home, I'd recommend some snacks like potato chips, popcorn, and chocolate cookies. You can find the",True,1,True,1,False,0,[],none,False,True,True,,,"[5, 4]","[5, 4]",0,,1.309
32,presearch,associative,Recommend easy breakfast basics.,milk_1l; bread_white; eggs_large,eggs; bacon; sausage; pancakes; hash browns,move,"[1, 8]","For an easy breakfast, I recommend grabbing Large Eggs (Aisle 1) for $3.80 and either Smoked Bacon (Aisle 8) for $6.70 o",True,1,True,1,False,0,[],llm_extract,False,True,False,,,"[1, 8]","[1, 8]",0,,1.95
32,semantic,associative,Recommend easy breakfast basics.,milk_1l; bread_white; eggs_large,eggs; milk; bread,move,"[1, 2]","We have Milk (2L) and Large Eggs (12ct) in Aisle 1, and both Wheat Bread and White Bread in Aisle 2—perfect for easy bre",True,1,True,1,False,0,[],llm_extract,False,False,False,5,0.15,"[1, 2]","[1, 2]",0,,3.446
32,llm_only,associative,Recommend easy breakfast basics.,milk_1l; bread_white; eggs_large,,move,"[1, 2]","For easy breakfast basics, I'd recommend starting with some milk, eggs, and bread. You can find these in Aisle 1 (dairy)",True,1,True,1,False,0,[],none,False,True,True,,,"[1, 2]","[1, 2]",0,,1.284
33,presearch,associative,I'm trying to eat more vegetables this week.,broccoli; carrot; spinach,carrot; broccoli; spinach; tomato; bell pepper; onion; garlic; cucumber; lettuce; zucchini; eggplant; green beans; asparagus; mushroom; potato; corn; peas; cauliflower; brussels sprouts; kale,move,"[3, 5, 6, 7]","We have a variety of fresh vegetables in stock, including carrots, broccoli, spinach, tomatoes, bell peppers, onions, le",True,1,True,1,False,0,[],llm_extract,False,True,False,,,"[3, 5, 6, 7]","[3, 5, 6, 7]",0,,2.474
33,semantic,associative,I'm trying to eat more vegetables this week.,broccoli; carrot; spinach,vegetables,move,[3],"You can find tomato, baby spinach, yellow onion, russet potato, and broccoli in Aisle 3. These are all great choices for",True,1,True,1,False,0,[],llm_extract,False,False,False,5,0.15,[3],[3],0,,2.121
33,llm_only,associative,I'm trying to eat more vegetables this week.,broccoli; carrot; spinach,,move,[3],"I'm glad to hear that! For vegetables, you can find options in Aisle 3. We have carrots, broccoli, lettuce, and more. Wo",True,1,True,1,False,0,[],none,False,True,True,,,[3],[3],0,,1.052
34,presearch,associative,Suggest lunchbox items for kids.,apple; granola; juice_apple,apple; banana; orange; cheese; crackers; sandwich bread; ham; chicken; turkey; pb&j; juice box; water bottle,move,"[2, 3, 5, 7, 8]","For kids' lunchboxes, we recommend apple slices from Aisle 3, banana from Aisle 3, and orange slices from Aisle 3. We al",True,1,True,1,False,0,[],llm_extract,False,True,False,,,"[2, 3, 5, 7, 8]","[2, 3, 5, 7, 8]",0,,2.28
34,semantic,associative,Suggest lunchbox items for kids.,apple; granola; juice_apple,sandwich bread; ham; cheese; fruit; chips,move,"[1, 3]","For lunchboxes, I recommend Cheddar Cheese (Aisle 1), Cream Cheese (Aisle 1), Strawberries (1lb) (Aisle 3), and Grapes (",True,1,True,1,False,0,[],llm_extract,False,False,False,5,0.15,"[1, 3]","[1, 3]",0,,4.016
34,llm_only,associative,Suggest lunchbox items for kids.,apple; granola; juice_apple,,none,[],"For lunchbox items for kids, I'd recommend checking Aisle 2 for snacks like granola bars or fruit snacks, Aisle 3 for fr",True,1,False,0,False,0,[],none,False,True,True,,,[],[],0,,1.315
35,presearch,associative,What should I buy for a road trip snack bag?,trail_mix; pretzels; water,trail mix; granola bars; nuts; dried fruit; chips; crackers,move,[5],"You can buy trail mix, mixed nuts, potato chips, or whole grain crackers for your road trip snack bag. All these items a",True,1,True,1,False,0,[],llm_extract,False,True,False,,,[5],[5],0,,1.692
35,semantic,associative,What should I buy for a road trip snack bag?,trail_mix; pretzels; water,pretzels; granola bars; trail mix; chips; beef jerky; fruit leather,move,[5],"You can pick from Trail Mix, Pretzels, Potato Chips, or Granola Bars in Aisle 5 for your road trip snack bag!",True,1,True,1,False,0,[],llm_extract,False,False,False,5,0.15,[5],[5],0,,7.738
35,llm_only,associative,What should I buy for a road trip snack bag?,trail_mix; pretzels; water,,move,[5],"For a road trip snack bag, I'd suggest grabbing some trail mix for a protein boost, a few granola bars for quick energy,",True,1,True,1,False,0,[],none,False,True,True,,,[5],[5],0,,1.122
36,presearch,associative,I need comfort food staples.,pasta_spaghetti; tomato_sauce; cheese,comfort; food; staples,none,[],"I'm sorry, but we don't carry comfort food staples here.",True,1,False,0,False,0,[],semantic_terms_fallback,True,True,False,,,[],[],0,,132.701
36,semantic,associative,I need comfort food staples.,pasta_spaghetti; tomato_sauce; cheese,comfort; food; staples,move,[8],"For comfort food staples, I recommend ground beef, chicken breast, and turkey slices—all available in Aisle 8.",True,1,True,1,False,0,[],semantic_terms_fallback,True,False,False,5,0.15,[8],[8],0,,147.47
36,llm_only,associative,I need comfort food staples.,pasta_spaghetti; tomato_sauce; cheese,,none,[],Sure! I can help you find some comfort food staples. We have a variety of options in the pantry and frozen sections. Wou,True,1,False,0,False,0,[],none,False,True,True,,,[],[],0,,1.381
37,presearch,associative,Show me budget-friendly meal starters.,rice_white; black_beans_can; tomato_sauce,budget-friendly meal starters,none,[],"I'm sorry, but we don't carry budget-friendly meal starters.",True,1,False,0,False,0,[],llm_extract,False,True,False,,,[],[],0,,1.518
37,semantic,associative,Show me budget-friendly meal starters.,rice_white; black_beans_can; tomato_sauce,budget-friendly meal starters,none,[],I couldn't find any budget-friendly meal starters in our current inventory. Could you let me know a specific product nam,True,1,False,0,False,0,[],llm_extract,False,False,False,5,0.15,[],[],0,,2.093
37,llm_only,associative,Show me budget-friendly meal starters.,rice_white; black_beans_can; tomato_sauce,,move,"[1, 2, 3]","Sure! For budget-friendly meal starters, I'd suggest checking out the dairy aisle for affordable staples like milk and e",True,1,True,1,False,0,[],none,False,True,True,,,"[1, 2, 3]","[1, 2, 3]",0,,1.187
38,presearch,associative,I want post-workout recovery options.,sports_drink; eggs_large; banana,post; workout; recovery; options,none,[],"I'm sorry, but we don't carry post-workout recovery options in our store.",True,1,False,0,False,0,[],semantic_terms_fallback,True,True,False,,,[],[],0,,1.424
38,semantic,associative,I want post-workout recovery options.,sports_drink; eggs_large; banana,post; workout; recovery; options,none,[],I couldn't find any post-workout recovery options in our inventory. Could you please provide a specific product name you,True,1,False,0,False,0,[],semantic_terms_fallback,True,False,False,5,0.15,[],[],0,,2.544
38,llm_only,associative,I want post-workout recovery options.,sports_drink; eggs_large; banana,,none,[],"For post-workout recovery, I recommend items like protein bars, sports drinks, and yogurt. You can find protein bars in ",True,1,False,0,False,0,[],none,False,True,True,,,[],[],0,,0.941
39,presearch,associative,What can I buy for a picnic?,bread_white; turkey_slices; juice_orange,bread; ham; cheese; lettuce; tomato; mayonnaise; sandwich rolls,move,"[1, 2, 3]","You can buy White Bread, Wheat Bread, Cheddar Cheese, Cream Cheese, Lettuce, and Tomato for your picnic. These are locat",True,1,True,1,False,0,[],llm_extract,False,True,False,,,"[1, 2, 3]","[1, 2, 3]",0,,1.955
39,semantic,associative,What can I buy for a picnic?,bread_white; turkey_slices; juice_orange,bread; ham; cheese; lettuce; tomato; mayonnaise,move,"[1, 2, 3]","You can buy Cheddar Cheese, Cream Cheese, Tomato, Lettuce, and Wheat Bread for your picnic. These are located in Aisles ",True,1,True,1,False,0,[],llm_extract,False,False,False,5,0.15,"[1, 2, 3]","[1, 2, 3]",0,,3.606
39,llm_only,associative,What can I buy for a picnic?,bread_white; turkey_slices; juice_orange,,none,[],"For a picnic, you might want some easy-to-eat snacks like fruit, sandwiches, and drinks. I can help you find items from ",True,1,False,0,False,0,[],none,False,True,True,,,[],[],0,,1.786
40,presearch,associative,I'm looking for late-night light snacks.,granola; crackers; sparkling_water,late-night light snacks,none,[],We don't carry late-night light snacks.,True,1,False,0,False,0,[],llm_extract,False,True,False,,,[],[],0,,1.44
40,semantic,associative,I'm looking for late-night light snacks.,granola; crackers; sparkling_water,chips; candy; crackers; cookies; granola bars,move,[5],"We have several late-night snack options available in Aisle 5, including Chocolate Cookies, Potato Chips, Whole Grain Cr",True,1,True,1,False,0,[],llm_extract,False,False,False,5,0.15,[5],[5],0,,2.678
40,llm_only,associative,I'm looking for late-night light snacks.,granola; crackers; sparkling_water,,move,[5],"For late-night snacks, you might want to check the snacks aisle. We have options like potato chips, chocolate cookies, a",True,1,True,1,False,0,[],none,False,True,True,,,[5],[5],0,,1.037
41,presearch,not_in_store,Do you have baby formula?,,baby formula,none,[],We do not carry baby formula.,True,1,True,1,False,0,[],llm_extract,False,True,False,,,[],[],0,,1.37
41,semantic,not_in_store,Do you have baby formula?,,baby formula,none,[],"I'm sorry, but we don't carry baby formula in our store.",True,1,True,1,False,0,[],llm_extract,False,False,False,5,0.15,[],[],0,,1.788
41,llm_only,not_in_store,Do you have baby formula?,,,move,[10],"Yes, we have baby formula available in our health and beauty aisle, specifically in Aisle 10.",True,1,False,0,False,0,[],none,False,True,True,,,[10],[10],0,,0.96
42,presearch,not_in_store,Where can I find cat litter?,,cat litter,none,[],We do not carry cat litter.,True,1,True,1,False,0,[],llm_extract,False,True,False,,,[],[],0,,1.328
42,semantic,not_in_store,Where can I find cat litter?,,cat litter,none,[],"I'm sorry, but I couldn't find any cat litter in our current inventory. Could you please check the brand or type you're ",True,1,True,1,False,0,[],llm_extract,False,False,False,5,0.15,[],[],0,,1.876
42,llm_only,not_in_store,Where can I find cat litter?,,,none,[],"I'm sorry, but we don't have cat litter in our current inventory. Is there anything else I can help you find today?",True,1,True,1,False,0,[],none,False,True,True,,,[],[],0,,0.87
43,presearch,not_in_store,Do you stock printer ink cartridges?,,printer ink cartridge,none,[],"I'm sorry, but we do not carry printer ink cartridges.",True,1,True,1,False,0,[],llm_extract,False,True,False,,,[],[],0,,1.331
43,semantic,not_in_store,Do you stock printer ink cartridges?,,printer ink cartridges,none,[],"I'm sorry, but we don't stock printer ink cartridges at the moment.",True,1,True,1,False,0,[],llm_extract,False,False,False,5,0.15,[],[],0,,1.708
43,llm_only,not_in_store,Do you stock printer ink cartridges?,,,none,[],"I'm sorry, but I don't see printer ink cartridges in our current inventory. We carry a wide range of dairy, bakery, frui",True,1,True,1,False,0,[],none,False,True,True,,,[],[],0,,1.359
44,presearch,not_in_store,Can I buy phone chargers here?,,phone charger,none,[],"I'm sorry, but we do not carry phone chargers in-store.",True,1,True,1,False,0,[],llm_extract,False,True,False,,,[],[],0,,1.531
44,semantic,not_in_store,Can I buy phone chargers here?,,phone charger,none,[],We don't carry phone chargers.,True,1,True,1,False,0,[],llm_extract,False,False,False,5,0.15,[],[],0,,1.663
44,llm_only,not_in_store,Can I buy phone chargers here?,,,none,[],"I'm sorry, but we don't sell phone chargers in our store. Is there anything else I can help you find?",True,1,True,1,False,0,[],none,False,True,True,,,[],[],0,,0.849
45,presearch,not_in_store,Do you carry fresh flowers?,,flowers,none,[],"I'm sorry, but we do not carry fresh flowers today.",True,1,True,1,False,0,[],llm_extract,False,True,False,,,[],[],0,,1.354
45,semantic,not_in_store,Do you carry fresh flowers?,,fresh flowers,none,[],"I'm sorry, but we currently do not carry fresh flowers in the store.",True,1,True,1,False,0,[],llm_extract,False,False,False,5,0.15,[],[],0,,1.75
45,llm_only,not_in_store,Do you carry fresh flowers?,,,none,[],"I'm sorry, but we don't carry fresh flowers in the store today. Is there anything else I can help you find?",True,1,True,1,False,0,[],none,False,True,True,,,[],[],0,,0.928
46,presearch,not_in_store,Do you carry sushi nori sheets?,,sushi nori sheets,none,[],"I'm sorry, we do not carry sushi nori sheets.",True,1,True,1,False,0,[],llm_extract,False,True,False,,,[],[],0,,1.419
46,semantic,not_in_store,Do you carry sushi nori sheets?,,sushi nori sheets,none,[],"I'm sorry, but we don't carry sushi nori sheets in our store.",True,1,True,1,False,0,[],llm_extract,False,False,False,5,0.15,[],[],0,,1.91
46,llm_only,not_in_store,Do you carry sushi nori sheets?,,,none,[],"I'm sorry, but we don't carry sushi nori sheets in our current inventory. Would you like me to help you find a similar p",True,1,True,1,False,0,[],none,False,True,True,,,[],[],0,,0.928
47,presearch,not_in_store,Can I buy infant diapers here?,,infant diapers,none,[],"I'm sorry, but we do not carry infant diapers at this store.",True,1,True,1,False,0,[],llm_extract,False,True,False,,,[],[],0,,1.362
47,semantic,not_in_store,Can I buy infant diapers here?,,infant diapers,none,[],We do not carry infant diapers.,True,1,True,1,False,0,[],llm_extract,False,False,False,5,0.15,[],[],0,,1.68
47,llm_only,not_in_store,Can I buy infant diapers here?,,,move,[10],"Yes, we have infant diapers available in our baby care section. They're located in Aisle 10, near the health and beauty ",True,1,False,0,False,0,[],none,False,True,True,,,[10],[10],0,,1.068
48,presearch,not_in_store,Where is the pet shampoo section?,,pet shampoo,none,[],We don't carry pet shampoo.,True,1,True,1,False,0,[],llm_extract,False,True,False,,,[],[],0,,1.3
48,semantic,not_in_store,Where is the pet shampoo section?,,pet shampoo,move,[10],"We carry shampoo in Aisle 10, which may include pet shampoo. Please check there.",True,1,False,0,False,0,[],llm_extract,False,False,False,5,0.15,[10],[10],0,,1.748
48,llm_only,not_in_store,Where is the pet shampoo section?,,,none,[],"I'm sorry, but we don't have a dedicated pet shampoo section in our store. However, you can find pet supplies in Aisle 9",True,1,True,1,False,0,[],none,False,True,True,,,[],[],0,,1.042
49,presearch,not_in_store,Can I get light bulbs?,,light bulb,none,[],"I'm sorry, but we don't carry light bulbs.",True,1,True,1,False,0,[],llm_extract,False,True,False,,,[],[],0,,1.358
49,semantic,not_in_store,Can I get light bulbs?,,light bulb,none,[],I couldn't find any light bulbs in our inventory. Could you please specify a different type or brand of light bulb you'r,True,1,True,1,False,0,[],llm_extract,False,False,False,5,0.15,[],[],0,,1.93
49,llm_only,not_in_store,Can I get light bulbs?,,,none,[],"I'm sorry, but we don't carry light bulbs in our store. I can help you find other products if you'd like!",True,1,True,1,False,0,[],none,False,True,True,,,[],[],0,,0.918
50,presearch,not_in_store,Do you sell office notebooks?,,notebook,none,[],We do not carry office notebooks.,True,1,True,1,False,0,[],llm_extract,False,True,False,,,[],[],0,,1.294
50,semantic,not_in_store,Do you sell office notebooks?,,office notebooks,none,[],"I'm sorry, but we don't carry office notebooks.",True,1,True,1,False,0,[],llm_extract,False,False,False,5,0.15,[],[],0,,1.667
50,llm_only,not_in_store,Do you sell office notebooks?,,,none,[],"I'm sorry, but we don't sell office notebooks in our store. We specialize in groceries and household items. Is there any",True,1,True,1,False,0,[],none,False,True,True,,,[],[],0,,0.877
51,presearch,conversational,Hi there!,,there,none,[],"I'm sorry, but we don't carry the item you're looking for.",True,1,True,1,False,0,[],semantic_terms_fallback,True,True,False,,,[],[],0,,1.492
51,semantic,conversational,Hi there!,,there,none,[],Hi there! I couldn't find a match for your request in our inventory. Could you please provide a more specific product na,True,1,True,1,False,0,[],semantic_terms_fallback,True,False,False,5,0.15,[],[],0,,2.252
51,llm_only,conversational,Hi there!,,,none,[],Hi there! How can I assist you today?,True,1,True,1,False,0,[],none,False,True,True,,,[],[],0,,1.094
52,presearch,conversational,Thanks for your help today.,,thanks; help; today,none,[],Thank you! I'm glad I could help. Have a great day!,True,1,True,1,False,0,[],semantic_terms_fallback,True,True,False,,,[],[],0,,1.339
52,semantic,conversational,Thanks for your help today.,,thanks; help; today,none,[],Thank you! I appreciate your help today as well. Have a great day!,True,1,True,1,False,0,[],semantic_terms_fallback,True,False,False,5,0.15,[],[],0,,1.983
52,llm_only,conversational,Thanks for your help today.,,,none,[],"You're welcome! If you need any more help or have any other questions, feel free to ask. Have a great day!",True,1,True,1,False,0,[],none,False,True,True,,,[],[],0,,0.848
53,presearch,conversational,What can you help me with in this store?,,can; what; help; this; store,move,[6],"We carry a variety of items, including can: Black Beans (Can) in Aisle 6.",True,1,False,0,False,0,[],semantic_terms_fallback,True,True,False,,,[6],[6],0,,1.507
53,semantic,conversational,What can you help me with in this store?,,can; what; help; this; store,move,[6],"We have Black Beans, Olive Oil, All-Purpose Flour, Cola, and Granulated Sugar in Aisle 6.",True,1,False,0,False,0,[],semantic_terms_fallback,True,False,False,5,0.15,[6],[6],0,,3.648
53,llm_only,conversational,What can you help me with in this store?,,,none,[],Hi there! I can help you find any products you're looking for or answer questions about the store. Just let me know what,True,1,True,1,False,0,[],none,False,True,True,,,[],[],0,,0.901
54,presearch,conversational,Can you explain how aisles are organized?,,plain; can; explain; how; aisles; organized,move,"[1, 2, 6]","Aisles are organized by product type, with plain yogurt in Aisle 1, plain bagels in Aisle 2, and canned black beans in A",True,1,False,0,False,0,[],semantic_terms_fallback,True,True,False,,,"[1, 2, 6]","[1, 2, 6]",0,,1.746
54,semantic,conversational,Can you explain how aisles are organized?,,plain; can; explain; how; aisles; organized,move,[6],"All the items you mentioned are in Aisle 6: Olive Oil, Spaghetti Pasta, Granulated Sugar, All-Purpose Flour, and Iodized",True,1,False,0,False,0,[],semantic_terms_fallback,True,False,False,5,0.15,[6],[6],0,,3.64
54,llm_only,conversational,Can you explain how aisles are organized?,,,none,[],"Sure! The aisles are organized by product categories. Dairy items are in Aisle 1, bakery products in Aisle 2, fruits in ",True,1,True,1,False,0,[],none,False,True,True,,,[],[],0,,3.696
55,presearch,conversational,"Good morning, how are you?",,good; morning; how,none,[],"I'm sorry, but I couldn't find any products matching your request. We don't carry 'good', 'morning', or 'how' as items i",True,1,True,1,False,0,[],semantic_terms_fallback,True,True,False,,,[],[],0,,1.77
55,semantic,conversational,"Good morning, how are you?",,good; morning; how,none,[],"I'm sorry, but I couldn't find any matching products for your request. Could you please provide more specific details ab",True,1,True,1,False,0,[],semantic_terms_fallback,True,False,False,5,0.15,[],[],0,,2.363
55,llm_only,conversational,"Good morning, how are you?",,,none,[],Good morning! How can I assist you today? I can help you find any products you're looking for or answer any questions ab,True,1,True,1,False,0,[],none,False,True,True,,,[],[],0,,0.931
56,presearch,conversational,I am just browsing right now.,,just; browsing; right; now,none,[],"I'm sorry, but we don't carry any of those items right now.",True,1,True,1,False,0,[],semantic_terms_fallback,True,True,False,,,[],[],0,,1.505
56,semantic,conversational,I am just browsing right now.,,just; browsing; right; now,none,[],"I'm sorry, but I couldn't find any matching products for your request. Would you like to try a more specific product nam",True,1,True,1,False,0,[],semantic_terms_fallback,True,False,False,5,0.15,[],[],0,,3.449
56,llm_only,conversational,I am just browsing right now.,,,none,[],"Sure, I can help you find what you're looking for or answer any questions you have about our store. If you need assistan",True,1,True,1,False,0,[],none,False,True,True,,,[],[],0,,1.283
57,presearch,conversational,Could you repeat your last suggestion?,,could; repeat; last; suggestion,move,[9],"We do not carry 'could', 'repeat', or 'suggestion' as we only stock items listed in our FOUND section, which currently i",True,1,False,0,False,0,[],semantic_terms_fallback,True,True,False,,,[9],[9],0,,1.737
57,semantic,conversational,Could you repeat your last suggestion?,,could; repeat; last; suggestion,none,[],"I'm sorry, but I couldn't find any matching products for your request. Could you please provide a more specific product ",True,1,True,1,False,0,[],semantic_terms_fallback,True,False,False,5,0.15,[],[],0,,2.333
57,llm_only,conversational,Could you repeat your last suggestion?,,,none,[],Of course! I'd be happy to help you with that. Could you please let me know which item you'd like to purchase or if ther,True,1,True,1,False,0,[],none,False,True,True,,,[],[],0,,0.976
58,presearch,conversational,Do you remember what I asked earlier?,,remember; what; asked; earlier,none,[],"I'm sorry, but I don't have any information about what you asked earlier. The system didn't find any matching products f",True,1,True,1,False,0,[],semantic_terms_fallback,True,True,False,,,[],[],0,,1.443
58,semantic,conversational,Do you remember what I asked earlier?,,remember; what; asked; earlier,none,[],I couldn't find a match for your request in our current inventory. Could you please provide a more specific product name,True,1,True,1,False,0,[],semantic_terms_fallback,True,False,False,5,0.15,[],[],0,,2.572
58,llm_only,conversational,Do you remember what I asked earlier?,,,none,[],"I apologize, but I don't recall any specific request from earlier. How can I assist you today?",True,1,True,1,False,0,[],none,False,True,True,,,[],[],0,,0.858
59,presearch,conversational,"That's all for now, thank you!",,all,none,[],Thank you! Is there anything else I can help you with today?,True,1,True,1,False,0,[],deterministic_terms,True,False,False,,,[],[],0,,12.903
59,semantic,conversational,"That's all for now, thank you!",,all; that; now; thank,none,[],"You're welcome! If you need anything else, feel free to ask.",True,1,True,1,False,0,[],semantic_terms_fallback,True,False,False,5,0.15,[],[],0,,2.305
59,llm_only,conversational,"That's all for now, thank you!",,,none,[],"You're welcome! If you need any help in the future, feel free to ask. Have a great day!",True,1,True,1,False,0,[],none,False,True,True,,,[],[],0,,3.475
60,presearch,conversational,Can you assist me when I am ready?,,can; assist; when; ready,move,[6],"We don't carry 'assist', 'when', or 'ready' as items, but we do have Black Beans (Can) in Aisle 6 for $1.60.",True,1,False,0,False,0,[],semantic_terms_fallback,True,True,False,,,[6],[6],0,,1.678
60,semantic,conversational,Can you assist me when I am ready?,,can; assist; when; ready,none,[],"I'm sorry, but I couldn't find any matching products for your request. Could you please provide a more specific product ",True,1,True,1,False,0,[],semantic_terms_fallback,True,False,False,5,0.15,[],[],0,,2.388
60,llm_only,conversational,Can you assist me when I am ready?,,,none,[],"Of course! I'm here to help. Feel free to ask for assistance when you're ready to shop. Just let me know what you need, ",True,1,True,1,False,0,[],none,False,True,True,,,[],[],0,,1.075
61,presearch,custom,"I need milk, eggs, and bread for tomorrow morning.",milk_1l; eggs_large; bread_white,milk; eggs; bread,move,"[1, 2]","I can help you find milk, eggs, and bread. The milk is in Aisle 1, eggs are also in Aisle 1, and bread is in Aisle 2.",True,1,True,1,False,0,[],llm_extract,False,False,False,,,"[1, 2]","[1, 2]",0,,1.798
61,semantic,custom,"I need milk, eggs, and bread for tomorrow morning.",milk_1l; eggs_large; bread_white,milk; eggs; bread,move,"[1, 2]","We have milk, eggs, and bread available! Milk and large eggs are in Aisle 1, and both wheat and white bread are in Aisle",True,1,True,1,False,0,[],llm_extract,False,False,False,5,0.15,"[1, 2]","[1, 2]",0,,3.222
61,llm_only,custom,"I need milk, eggs, and bread for tomorrow morning.",milk_1l; eggs_large; bread_white,,move,"[1, 2]","I can help you find those items. Milk is in Aisle 1, eggs are also in Aisle 1, and bread is in Aisle 2. Let me know if y",True,1,True,1,False,0,[],none,False,True,True,,,"[1, 2]","[1, 2]",0,,1.031
62,presearch,custom,Find me chicken nuggets and sparkling water.,frozen_nuggets; sparkling_water,chicken nuggets; sparkling water,move,"[7, 4]",I found chicken nuggets in Aisle 7 and sparkling water in Aisle 4.,True,1,True,1,False,0,[],llm_extract,False,False,False,,,"[7, 4]","[7, 4]",0,,1.425
62,semantic,custom,Find me chicken nuggets and sparkling water.,frozen_nuggets; sparkling_water,chicken nuggets; sparkling water,move,"[7, 4]",I found chicken nuggets in Aisle 7 and sparkling water in Aisle 4.,True,1,True,1,False,0,[],llm_extract,False,False,False,5,0.15,"[7, 4]","[7, 4]",0,,2.252
62,llm_only,custom,Find me chicken nuggets and sparkling water.,frozen_nuggets; sparkling_water,,move,"[7, 4]",I found both chicken nuggets and sparkling water for you. The chicken nuggets are in Aisle 7 and the sparkling water is ,True,1,True,1,False,0,[],none,False,True,True,,,"[7, 4]","[7, 4]",0,,1.049
63,presearch,custom,"Add olive oil, pasta, and tomato sauce to my list.",olive_oil; pasta_spaghetti; tomato_sauce,olive oil; pasta; tomato sauce,move,[6],"I've added olive oil, pasta, and tomato sauce to your list. You can find these items in Aisle 6.",True,1,True,1,False,0,[],llm_extract,False,False,False,,,[6],[6],0,,1.499
63,semantic,custom,"Add olive oil, pasta, and tomato sauce to my list.",olive_oil; pasta_spaghetti; tomato_sauce,olive oil; pasta; tomato sauce,move,[6],"I found Olive Oil (1L), Spaghetti Pasta, and Tomato Sauce all in Aisle 6. You can find them there!",True,1,True,1,False,0,[],llm_extract,False,False,False,5,0.15,[6],[6],0,,2.942
63,llm_only,custom,"Add olive oil, pasta, and tomato sauce to my list.",olive_oil; pasta_spaghetti; tomato_sauce,,move,[6],"I've added olive oil, spaghetti pasta, and tomato sauce to your list. You can find these items in the pantry aisle, whic",True,1,True,1,False,0,[],none,False,True,True,,,[6],[6],0,,0.963
64,presearch,custom,Where can I pick up paper towels and trash bags?,paper_towels; trash_bags,paper towels; trash bags,move,[9],You can find paper towels and trash bags in Aisle 9.,True,1,True,1,False,0,[],llm_extract,False,False,False,,,[9],[9],0,,1.405
64,semantic,custom,Where can I pick up paper towels and trash bags?,paper_towels; trash_bags,paper towel; trash bag,move,[9],You can find paper towels in Aisle 9 and trash bags in Aisle 9.,True,1,True,1,False,0,[],llm_extract,False,False,False,5,0.15,[9],[9],0,,1.943
64,llm_only,custom,Where can I pick up paper towels and trash bags?,paper_towels; trash_bags,,move,[9],You can find paper towels in Aisle 9 and trash bags in Aisle 9 as well.,True,1,True,1,False,0,[],none,False,True,True,,,[9],[9],0,,0.804
65,presearch,custom,"I need toothpaste, shampoo, and body wash.",toothpaste; shampoo; body_wash,toothpaste; shampoo; body wash,move,[10],"I found toothpaste, shampoo, and body wash for you in Aisle 10.",True,1,True,1,False,0,[],llm_extract,False,False,False,,,[10],[10],0,,1.455
65,semantic,custom,"I need toothpaste, shampoo, and body wash.",toothpaste; shampoo; body_wash,toothpaste; shampoo; body wash,move,[10],"Sure, I can help you find those items! We carry toothpaste, shampoo, and body wash in Aisle 10.",True,1,True,1,False,0,[],llm_extract,False,False,False,5,0.15,[10],[10],0,,2.426
65,llm_only,custom,"I need toothpaste, shampoo, and body wash.",toothpaste; shampoo; body_wash,,move,[10],"I can help you find toothpaste, shampoo, and body wash. They are all in the health and beauty aisle, which is aisle 10.",True,1,True,1,False,0,[],none,False,True,True,,,[10],[10],0,,1.069
66,presearch,custom,Can you locate salmon fillet and lemon?,salmon_fillet; lemon,salmon fillet; lemon,move,"[8, 3]","Yes, we have salmon fillet in Aisle 8 and lemon in Aisle 3.",True,1,True,1,False,0,[],llm_extract,False,False,False,,,"[8, 3]","[8, 3]",0,,1.777
66,semantic,custom,Can you locate salmon fillet and lemon?,salmon_fillet; lemon,salmon; lemon,move,"[8, 3]","Yes, we have salmon fillet in Aisle 8 and lemon in Aisle 3.",True,1,True,1,False,0,[],llm_extract,False,False,False,5,0.15,"[8, 3]","[8, 3]",0,,2.0
66,llm_only,custom,Can you locate salmon fillet and lemon?,salmon_fillet; lemon,,move,"[8, 3]","I can help you find the salmon fillet and lemon. The salmon fillet is in the meat & seafood aisle, specifically in aisle",True,1,True,1,False,0,[],none,False,True,True,,,"[8, 3]","[8, 3]",0,,1.101
67,presearch,custom,I want frozen berries and plain yogurt.,frozen_berries; yogurt,frozen berries; plain yogurt,move,[1],"We carry plain yogurt in Aisle 1, but we do not have frozen berries in stock.",True,1,True,1,False,0,[],llm_extract,False,True,False,,,[1],[1],0,,1.542
67,semantic,custom,I want frozen berries and plain yogurt.,frozen_berries; yogurt,frozen berries; plain yogurt,move,"[7, 1]",I found frozen mixed berries in Aisle 7 and plain yogurt in Aisle 1.,True,1,True,1,False,0,[],llm_extract,False,False,False,5,0.15,"[7, 1]","[7, 1]",0,,1.957
67,llm_only,custom,I want frozen berries and plain yogurt.,frozen_berries; yogurt,,move,"[7, 1]","Sure, I can help you find those items. The frozen berries are in Aisle 7 and the plain yogurt is in Aisle 1. Let me know",True,1,True,1,False,0,[],none,False,True,True,,,"[7, 1]","[7, 1]",0,,1.066
68,presearch,custom,Help me find russet potatoes and yellow onions.,potato_russet; onion_yellow,russet potato; yellow onion,move,[3],We have russet potatoes in Aisle 3 and yellow onions in Aisle 3.,True,1,True,1,False,0,[],llm_extract,False,False,False,,,[3],[3],0,,1.45
68,semantic,custom,Help me find russet potatoes and yellow onions.,potato_russet; onion_yellow,russet potato; yellow onion,move,[3],I found Russet Potatoes and Yellow Onions in Aisle 3.,True,1,True,1,False,0,[],llm_extract,False,False,False,5,0.15,[3],[3],0,,1.905
68,llm_only,custom,Help me find russet potatoes and yellow onions.,potato_russet; onion_yellow,,move,[3],"Sure! The russet potatoes are in Aisle 3, and the yellow onions are also in Aisle 3. You'll find them right next to each",True,1,True,1,False,0,[],none,False,True,True,,,[3],[3],0,,0.963
69,presearch,custom,"I need wraps, turkey slices, and cream cheese.",tortilla_wraps; turkey_slices; cream_cheese,wrap; turkey slice; cream cheese,move,"[2, 8, 1]","I have the Whole Wheat Wraps in Aisle 2, Turkey Slices in Aisle 8, and Cream Cheese in Aisle 1.",True,1,True,1,False,0,[],llm_extract,False,False,False,,,"[2, 8, 1]","[2, 8, 1]",0,,1.569
69,semantic,custom,"I need wraps, turkey slices, and cream cheese.",tortilla_wraps; turkey_slices; cream_cheese,wrap; turkey slice; cream cheese,move,"[2, 8, 1]","I found the wraps, turkey slices, and cream cheese for you. The wraps are in Aisle 2, turkey slices are in Aisle 8, and ",True,1,True,1,False,0,[],llm_extract,False,False,False,5,0.15,"[2, 8, 1]","[2, 8, 1]",0,,2.435
69,llm_only,custom,"I need wraps, turkey slices, and cream cheese.",tortilla_wraps; turkey_slices; cream_cheese,,move,"[2, 8, 1]","I can help you find those items! The Whole Wheat Wraps are in Aisle 2, the Turkey Slices are in Aisle 8, and the Cream C",True,1,True,1,False,0,[],none,False,True,True,,,"[2, 8, 1]","[2, 8, 1]",0,,1.179
70,presearch,custom,Get me bottled water and sports drinks.,water; sports_drink,bottled water; sports drink,move,[4],"Sure, I'll get the bottled water from Aisle 4 and the sports drinks from Aisle 4 as well.",True,1,True,1,False,0,[],llm_extract,False,False,False,,,[4],[4],0,,1.557
70,semantic,custom,Get me bottled water and sports drinks.,water; sports_drink,bottled water; sports drinks,move,[4],I found bottled water and sports drinks for you. They are both in Aisle 4.,True,1,True,1,False,0,[],llm_extract,False,False,False,5,0.15,[4],[4],0,,1.986
70,llm_only,custom,Get me bottled water and sports drinks.,water; sports_drink,,move,[4],"Sure, I can help with that. Bottled water is in Aisle 4 and sports drinks are also in Aisle 4. Let me get those for you.",True,1,True,1,False,0,[],none,False,True,True,,,[4],[4],0,,0.965
71,presearch,custom,Please find cheddar cheese and whole grain crackers.,cheese; crackers,cheddar cheese; whole grain crackers,move,"[1, 5]",I found cheddar cheese in Aisle 1 and whole grain crackers in Aisle 5.,True,1,True,1,False,0,[],llm_extract,False,False,False,,,"[1, 5]","[1, 5]",0,,1.562
71,semantic,custom,Please find cheddar cheese and whole grain crackers.,cheese; crackers,cheddar cheese; whole grain crackers,move,"[1, 5]",Here are the items I found: cheddar cheese in Aisle 1 and whole grain crackers in Aisle 5.,True,1,True,1,False,0,[],llm_extract,False,False,False,5,0.15,"[1, 5]","[1, 5]",0,,5.231
71,llm_only,custom,Please find cheddar cheese and whole grain crackers.,cheese; crackers,,move,"[1, 5]",I found the cheddar cheese and whole grain crackers for you. The cheddar cheese is in Aisle 1 and the whole grain cracke,True,1,True,1,False,0,[],none,False,True,True,,,"[1, 5]","[1, 5]",0,,1.011
72,presearch,custom,Where are dish soap and kitchen sponges?,dish_soap; sponges,dish soap; kitchen sponge,move,[9],We have dish soap in Aisle 9 and kitchen sponges in Aisle 9.,True,1,True,1,False,0,[],llm_extract,False,False,False,,,[9],[9],0,,1.534
72,semantic,custom,Where are dish soap and kitchen sponges?,dish_soap; sponges,dish soap; kitchen sponge,move,[9],"We carry dish soap and kitchen sponges. Dish soap is in Aisle 9, and kitchen sponges are also in Aisle 9.",True,1,True,1,False,0,[],llm_extract,False,False,False,5,0.15,[9],[9],0,,2.394
72,llm_only,custom,Where are dish soap and kitchen sponges?,dish_soap; sponges,,move,[9],"Sure! Dish soap is in Aisle 9, and kitchen sponges are also in Aisle 9.",True,1,True,1,False,0,[],none,False,True,True,,,[9],[9],0,,0.887
73,presearch,custom,"I want ingredients for simple tacos: ground beef, tomato, and lettuce.",ground_beef; tomato; lettuce,ground beef; tomato; lettuce,move,"[8, 3]","We have ground beef (Aisle 8), tomato (Aisle 3), and lettuce (Aisle 3) for simple tacos.",True,1,True,1,False,0,[],llm_extract,False,False,False,,,"[8, 3]","[8, 3]",0,,1.704
73,semantic,custom,"I want ingredients for simple tacos: ground beef, tomato, and lettuce.",ground_beef; tomato; lettuce,ground beef; tomato; lettuce,move,"[8, 3]","I can help you find ingredients for simple tacos. We carry Ground Beef (Aisle 8), Tomato (Aisle 3), and Lettuce (Aisle 3",True,1,True,1,False,0,[],llm_extract,False,False,False,5,0.15,"[8, 3]","[8, 3]",0,,10.669
73,llm_only,custom,"I want ingredients for simple tacos: ground beef, tomato, and lettuce.",ground_beef; tomato; lettuce,,move,"[8, 3]","Sure, I can help you find those ingredients for tacos. Ground beef is in the meat section, tomato is in the vegetables a",True,1,True,1,False,0,[],none,False,True,True,,,"[8, 3]","[8, 3]",0,,1.501
74,presearch,custom,"Can I get blueberries, strawberries, and bananas?",blueberry; strawberry; banana,blueberries; strawberries; bananas,move,[3],We have blueberries and strawberries in Aisle 3. We do not carry bananas.,True,1,True,1,False,0,[],llm_extract,False,True,False,,,[3],[3],0,,1.916
74,semantic,custom,"Can I get blueberries, strawberries, and bananas?",blueberry; strawberry; banana,blueberry; strawberry; banana,move,[3],"Sure, I can help with that! We have blueberries, strawberries, and bananas available. They're all in Aisle 3.",True,1,True,1,False,0,[],llm_extract,False,False,False,5,0.15,[3],[3],0,,2.208
74,llm_only,custom,"Can I get blueberries, strawberries, and bananas?",blueberry; strawberry; banana,,move,[3],"Sure! I can help you find those. Blueberries are in Aisle 3, strawberries are also in Aisle 3, and bananas are in Aisle ",True,1,True,1,False,0,[],none,False,True,True,,,[3],[3],0,,1.076
75,presearch,custom,Find tofu and baby spinach for dinner.,tofu_firm; spinach,tofu; baby spinach,move,"[8, 3]",I found tofu in Aisle 8 and baby spinach in Aisle 3 for your dinner.,True,1,True,1,False,0,[],llm_extract,False,False,False,,,"[8, 3]","[8, 3]",0,,1.515
75,semantic,custom,Find tofu and baby spinach for dinner.,tofu_firm; spinach,tofu; baby spinach,move,"[8, 3]",I found Firm Tofu and Baby Spinach for your dinner. The tofu is in Aisle 8 and the baby spinach is in Aisle 3.,True,1,True,1,False,0,[],llm_extract,False,False,False,5,0.15,"[8, 3]","[8, 3]",0,,2.087
75,llm_only,custom,Find tofu and baby spinach for dinner.,tofu_firm; spinach,,move,"[8, 3]",I found the tofu in Aisle 8 and the baby spinach in Aisle 3. Would you like me to help you with anything else?,True,1,True,1,False,0,[],none,False,True,True,,,"[8, 3]","[8, 3]",0,,1.021
